{"cnt": 194691, "loss": 1613130.0, "_timestamp": 1712651406.3854442, "_runtime": 26552.301460266113, "_step": 194690, "_wandb": {"runtime": 26550}}