{"accuracy": 0.836883977835266, "loss": 0.11821645587338969, "_timestamp": 1712569615.805067, "_runtime": 9.614436149597168, "_step": 7, "_wandb": {"runtime": 10}}