{"cnt": 30670, "loss": 66283.6875, "_timestamp": 1712575260.231863, "_runtime": 2948.763205051422, "_step": 30669, "_wandb": {"runtime": 2947}}