{"cnt": 28931, "loss": 43352.15625, "_timestamp": 1712572229.585608, "_runtime": 105.29321789741516, "_step": 1135}